HA,Dec
1.4388944734739377,0.8522209282853233
